<?xml version="1.0" encoding="UTF-8"?>
<MessageBody xmlns:xsi="http://www.w3.org/2001/XMLSchema-instance"
 xsi:schemaLocation="http://www.sisostds.org/schemas/C2SIM/1.1 ../Schema/C2SIM/C2SIMv9_SMXv9_LOXplusv5.xsd"
 xmlns="http://www.sisostds.org/schemas/C2SIM/1.1">
    <ObjectInitialization>
	<ObjectDefinitions>
            <Entity>
                <ActorEntity>
                    <CollectiveEntity>
                        <MilitaryOrganization>
                            <CurrentState><PhysicalState>
                                <Location><Coordinate><GeodeticCoordinate>
                                    <Latitude>58.668453</Latitude>
                                    <Longitude>16.248538</Longitude>
                                </GeodeticCoordinate></Coordinate></Location>
                                <EntityHealthStatus><OperationalStatus>
                                    <OperationalStatusCode>FullyOperational</OperationalStatusCode>
                                </OperationalStatus></EntityHealthStatus>
                            </PhysicalState></CurrentState>
                            <EntityDescriptor>
                                <Superior>00000000-0000-0002-0001-000000000000</Superior>
                                <Side>00000000-0000-0002-0100-000000000000</Side>
                            </EntityDescriptor>
                            <EntityType>
                                <APP6-SIDC>
                                    <EntityTypeString>1.1.225.6.1.18.0</EntityTypeString>
                                    <SIDCString>SHGPUCI---*B***</SIDCString>
                                </APP6-SIDC>
                            </EntityType>
                            <UUID>00000000-0000-0002-0010-000000000000</UUID>
                            <Name>BadGuyGroup</Name>
                        </MilitaryOrganization>
                    </CollectiveEntity>
                </ActorEntity>
            </Entity>
            <Entity>
                <ActorEntity>
                    <CollectiveEntity>
                        <MilitaryOrganization>
                            <CurrentState><PhysicalState>
                                <Location><Coordinate><GeodeticCoordinate>
                                    <Latitude>58.647786</Latitude>
            			    <Longitude>16.310908</Longitude>
                                </GeodeticCoordinate></Coordinate></Location>
                                <DirectionOfMovement><EulerAngles>
                                    <Phi>-45.0</Phi>
                                    <Psi>0.0</Psi>
                                    <Theta>0.0</Theta>
                                </EulerAngles></DirectionOfMovement>
                                <EntityHealthStatus><OperationalStatus>
                                    <OperationalStatusCode>FullyOperational</OperationalStatusCode>
                                </OperationalStatus></EntityHealthStatus>
                            </PhysicalState></CurrentState>
                            <EntityDescriptor>
                                <Superior>00000000-0000-0002-0001-000000000000</Superior>
                                <Side>00000000-0000-0002-0100-000000000000</Side>
                            </EntityDescriptor>
                            <EntityType>
                                <APP6-SIDC>
                                    <EntityTypeString>1.3.0.61.11.3.0</EntityTypeString>
                                    <SIDCString>SHSPXR----*A***</SIDCString>
                                </APP6-SIDC>
                            </EntityType>
                            <UUID>00000000-0000-0002-0020-000000000000</UUID>
                            <Name>BadGuyBoat</Name>
                        </MilitaryOrganization>
                    </CollectiveEntity>
                </ActorEntity>
            </Entity>
            <PlanPhaseReference>00000000-0000-0000-0000-000000000002</PlanPhaseReference>
        </ObjectDefinitions>
        <SystemEntityList>
            <ActorReference>00000000-0000-0002-0010-000000000000</ActorReference>
            <ActorReference>00000000-0000-0002-0020-000000000000</ActorReference>
            <SystemName>VRFORCES</SystemName>
        </SystemEntityList>
    </ObjectInitialization>
</MessageBody>
