<?xml version="1.0" encoding="UTF-8"?>
<c2s:MessageBody xmlns:xsi="http://www.w3.org/2001/XMLSchema-instance"
 xsi:schemaLocation="http://www.sisostds.org/schemas/C2SIM/1.1 ../Schema/C2SIM/C2SIM_SMX_LOX_v1.0.0.xsd"
 xmlns="http://www.sisostds.org/schemas/C2SIM/1.1"
 xmlns:c2s="http://www.sisostds.org/schemas/C2SIM/1.1">
    <!-- NPS-VRForces order template for FMN demo -->
    <c2s:DomainMessageBody>
        <c2s:OrderBody>
            <c2s:FromSender>00000000-0000-0001-0001-000000000000</c2s:FromSender>
            <c2s:ToReceiver>00000000-0007-0001-0000-000000000000</c2s:ToReceiver>
            <c2s:IssuedTime>
                <c2s:IsoDateTime>0000-00-00T00:00:00Z</c2s:IsoDateTime></c2s:IssuedTime>
            <c2s:OrderID>00000000-0007-0000-0009-000000000000</c2s:OrderID>
            <c2s:Task>
                <c2s:ManeuverWarfareTask>
                    <c2s:Location>                   
                            <c2s:GeodeticCoordinate>
                                <c2s:Latitude>58.641</c2s:Latitude>
                                <c2s:Longitude>16.512</c2s:Longitude>
                            </c2s:GeodeticCoordinate>                        
                    </c2s:Location>
                    <c2s:Location>                   
                            <c2s:GeodeticCoordinate>
                            	<c2s:Latitude>58.641</c2s:Latitude>
                            	<c2s:Longitude>16.483</c2s:Longitude>
                            </c2s:GeodeticCoordinate>                        
                    </c2s:Location>
                    <c2s:Location>                   
                            <c2s:GeodeticCoordinate>
                            	<c2s:Latitude>58.642</c2s:Latitude>
                            	<c2s:Longitude>16.460</c2s:Longitude>
                            </c2s:GeodeticCoordinate>                        
                    </c2s:Location>
		    <c2s:Location>                   
                            <c2s:GeodeticCoordinate>
                            	<c2s:Latitude>58.643</c2s:Latitude>
                            	<c2s:Longitude>16.439</c2s:Longitude>
                            </c2s:GeodeticCoordinate>                        
                    </c2s:Location>
		    <c2s:Location>                   
                            <c2s:GeodeticCoordinate>
                             	<c2s:Latitude>58.641</c2s:Latitude>
                             	<c2s:Longitude>16.430</c2s:Longitude>
                            </c2s:GeodeticCoordinate>                        
                    </c2s:Location>
		    <c2s:Location>                   
                            <c2s:GeodeticCoordinate>
                             	<c2s:Latitude>58.637</c2s:Latitude>
                            	<c2s:Longitude>16.423</c2s:Longitude>
                            </c2s:GeodeticCoordinate>                        
                    </c2s:Location>
		    <c2s:Location>                   
                            <c2s:GeodeticCoordinate>
                            	<c2s:Latitude>58.634</c2s:Latitude>
                            	<c2s:Longitude>16.414</c2s:Longitude>
                            </c2s:GeodeticCoordinate>                        
                    </c2s:Location>
		    <c2s:Location>                   
                            <c2s:GeodeticCoordinate>
                            	<c2s:Latitude>58.624</c2s:Latitude>
                            	<c2s:Longitude>16.418</c2s:Longitude>
                            </c2s:GeodeticCoordinate>                        
                    </c2s:Location>
		    <c2s:Location>                   
                            <c2s:GeodeticCoordinate>
                            	<c2s:Latitude>58.610</c2s:Latitude>
                            	<c2s:Longitude>16.416</c2s:Longitude>
                            </c2s:GeodeticCoordinate>                        
                    </c2s:Location>
		    <c2s:Location>                   
                            <c2s:GeodeticCoordinate>
                            	<c2s:Latitude>58.617</c2s:Latitude>
                            	<c2s:Longitude>16.413</c2s:Longitude>
                            </c2s:GeodeticCoordinate>                        
                    </c2s:Location>
		    <c2s:Location>                   
                            <c2s:GeodeticCoordinate>
                            	<c2s:Latitude>58.621</c2s:Latitude>
                            	<c2s:Longitude>16.413</c2s:Longitude>
                            </c2s:GeodeticCoordinate>                        
                    </c2s:Location>
		    <c2s:Location>                   
                            <c2s:GeodeticCoordinate>
                            	<c2s:Latitude>58.622</c2s:Latitude>
                            	<c2s:Longitude>16.408</c2s:Longitude>
                            </c2s:GeodeticCoordinate>                        
                    </c2s:Location>
		    <c2s:Location>                   
                            <c2s:GeodeticCoordinate>
                            	<c2s:Latitude>58.624</c2s:Latitude>
                            	<c2s:Longitude>16.418</c2s:Longitude>
                            </c2s:GeodeticCoordinate>                        
                    </c2s:Location>
		    <c2s:Location>                   
                            <c2s:GeodeticCoordinate>
                            	<c2s:Latitude>58.634</c2s:Latitude>
                            	<c2s:Longitude>16.414</c2s:Longitude>
                            </c2s:GeodeticCoordinate>                        
                    </c2s:Location>
		    <c2s:Location>                   
                            <c2s:GeodeticCoordinate>
                            	<c2s:Latitude>58.639</c2s:Latitude>
                            	<c2s:Longitude>16.420</c2s:Longitude>
                            </c2s:GeodeticCoordinate>                        
                    </c2s:Location>
		    <c2s:Location>                   
                            <c2s:GeodeticCoordinate>
                            	<c2s:Latitude>58.644</c2s:Latitude>
                            	<c2s:Longitude>16.427</c2s:Longitude>
                            </c2s:GeodeticCoordinate>                        
                    </c2s:Location>
		    <c2s:Location>                   
                            <c2s:GeodeticCoordinate>
                            	<c2s:Latitude>58.644</c2s:Latitude>
                            	<c2s:Longitude>16.431</c2s:Longitude>
                            </c2s:GeodeticCoordinate>                        
                    </c2s:Location>
		    <c2s:Location>                   
                            <c2s:GeodeticCoordinate>
                            	<c2s:Latitude>58.643</c2s:Latitude>
                            	<c2s:Longitude>16.439</c2s:Longitude>
                            </c2s:GeodeticCoordinate>                        
                    </c2s:Location>
		    <c2s:Location>                   
                            <c2s:GeodeticCoordinate>
                            	<c2s:Latitude>58.642</c2s:Latitude>
                            	<c2s:Longitude>16.460</c2s:Longitude>
                            </c2s:GeodeticCoordinate>                        
                    </c2s:Location>
		    <c2s:Location>                   
                            <c2s:GeodeticCoordinate>
                            	<c2s:Latitude>58.641</c2s:Latitude>
                            	<c2s:Longitude>16.483</c2s:Longitude>
                            </c2s:GeodeticCoordinate>                        
                    </c2s:Location>
		    <c2s:Location>                   
                            <c2s:GeodeticCoordinate>
                            	<c2s:Latitude>58.641</c2s:Latitude>
                            	<c2s:Longitude>16.512</c2s:Longitude>
                            </c2s:GeodeticCoordinate>                        
                    </c2s:Location>        
                    <c2s:Name>NPS-VRF2</c2s:Name>
                    <c2s:UUID>00000000-0007-0001-0002-000000000000</c2s:UUID>
                    <c2s:AffectedEntity>00000000-0007-0002-0030-000000000000</c2s:AffectedEntity>
                    <c2s:DesiredEffectCode>CAPTRD</c2s:DesiredEffectCode>
                    <c2s:PerformingEntity>00000000-0007-0001-0030-000000000000</c2s:PerformingEntity>  
                    <c2s:StartTime>
                        <DateTime>
                            <c2s:Name>0.00</c2s:Name>
                            <c2s:IsoDateTime>0000-00-00T00:00:00Z</c2s:IsoDateTime>
                        </DateTime>
                    </c2s:StartTime>
                    <c2s:TaskActionCode>ATTACK</c2s:TaskActionCode>   
                    <c2s:RuleOfEngagement><c2s:MipWeaponUseROE><c2s:WeaponROECode>
                         <c2s:WeaponRuleOfEngagementCode>ROEFree</c2s:WeaponRuleOfEngagementCode>
                    </c2s:WeaponROECode></c2s:MipWeaponUseROE></c2s:RuleOfEngagement>
                </c2s:ManeuverWarfareTask>
            </c2s:Task>
        </c2s:OrderBody>
    </c2s:DomainMessageBody>
</c2s:MessageBody>
