<?xml version="1.0" encoding="UTF-8"?>
<?jaxfront version=2.50;time=2019-10-04 11:42:46.22;xui=BMLC2GUIConfigView.xui;xsd=BMLC2GUIConfig.xsd?>
<SBMLServer xmlns:xsi="http://www.w3.org/2001/XMLSchema-instance" xsi:noNamespaceSchemaLocation="BMLC2GUIConfig.xsd">
       <MapScale>500000</MapScale>
       <StartSubscribed>yes</StartSubscribed>
       <CenterUnit/>
       <SubmitterID>BMLC2GUI</SubmitterID>
       <ServerName>10.2.10.30</ServerName>
       <ServerPassword>v0lgenau</ServerPassword>
       <C2SIMns>c2s:</C2SIMns>
       <CBMLns>cbml:</CBMLns>
       <IBMLns>bml:</IBMLns>
       <LateJoinerMode>1</LateJoinerMode>
       <InitMapLat>0</InitMapLat>
       <InitMapLon>15.890</InitMapLon>
       <ReportOrderScale>0</ReportOrderScale>
       <AutoDisplayInit>0</AutoDisplayInit>
       <AutoDisplayReports>C2SIM</AutoDisplayReports>
       <AutoDisplayOrders>C2SIM</AutoDisplayOrders>
       <RecordingProtocol>ALL</RecordingProtocol>
       <PlaybackProtocol>ALL</PlaybackProtocol>
       <PlaybackSubmitter>ALL</PlaybackSubmitter>
       <PlaybackTimescale>0</PlaybackTimescale>
       <PlaybackTimelimit>0</PlaybackTimelimit>
       <WarnOnReportSeq>0</WarnOnReportSeq>
       <OrderIDXPATH>C_BML:OrderID/C_BML:OrderID</OrderIDXPATH>
       <LocationXPATH>C_BML:AtWhere</LocationXPATH>
       <LocationRouteWhereXPATH>C_BML:RouteWhere</LocationRouteWhereXPATH>
       <latlonParentTag>C_BML:Location</latlonParentTag>
       <latTag>C_BML:LatitudeCoordinate</latTag>
       <lonTag>C_BML:LongitudeCoordinate</lonTag>
       <whereIdLabelTag>C_BML:WhereLabel</whereIdLabelTag>
       <whereShapeTypeTag>C_BML:WhereClass</whereShapeTypeTag>
       <routeIdLabelTag>C_BML:RouteID</routeIdLabelTag>
       <routeFromViaToTag>C_BML:From-Via-To</routeFromViaToTag>
</SBMLServer>