<?xml version="1.0" encoding="UTF-8"?>
<MessageBody xmlns:xsi="http://www.w3.org/2001/XMLSchema-instance"
 xsi:schemaLocation="http://www.sisostds.org/schemas/C2SIM/1.1 ../Schema/C2SIM/C2SIM_SMX_LOX_v1.0.0_Init_flat.xsd"
 xmlns="http://www.sisostds.org/schemas/C2SIM/1.1">
  <ObjectInitializationBody>
    <ObjectDefinitions>
      <AbstractObject>
        <ForceSide>
          <Name>NATOCoalition</Name>
          <UUID>00000000-0000-0001-0000-000000000000</UUID>
          <ForceSideRelation>
            <HostilityStatusCode>HO</HostilityStatusCode>
            <OtherSide>00000000-0000-0002-0000-000000000000</OtherSide>
          </ForceSideRelation>
          <ForceSideRelation>
            <HostilityStatusCode>NEUTRL</HostilityStatusCode>
            <OtherSide>00000000-0000-0003-0000-000000000000</OtherSide>
          </ForceSideRelation>
        </ForceSide>
      </AbstractObject>
      <AbstractObject>
        <ForceSide>
          <Name>WASA</Name>
          <UUID>00000000-0000-0002-0000-000000000000</UUID>
          <ForceSideRelation>
            <HostilityStatusCode>HO</HostilityStatusCode>
            <OtherSide>00000000-0000-0001-0000-000000000000</OtherSide>
          </ForceSideRelation>
          <ForceSideRelation>
            <HostilityStatusCode>NEUTRL</HostilityStatusCode>
            <OtherSide>00000000-0000-0003-0000-000000000000</OtherSide>
          </ForceSideRelation>
        </ForceSide>
      </AbstractObject>
      <AbstractObject>
        <ForceSide>
          <Name>Evacuees</Name>
          <UUID>00000000-0000-0003-0000-000000000000</UUID>
          <ForceSideRelation>
            <HostilityStatusCode>NEUTRL</HostilityStatusCode>
            <OtherSide>00000000-0000-0003-0000-000000000000</OtherSide>
          </ForceSideRelation>
          <ForceSideRelation>
            <HostilityStatusCode>NEUTRL</HostilityStatusCode>
            <OtherSide>00000000-0000-0002-0000-000000000000</OtherSide>
          </ForceSideRelation>
        </ForceSide>
      </AbstractObject>
      <Entity>
        <!--Row02-->
        <ActorEntity>
          <CollectiveEntity>
            <MilitaryOrganization>
              <EntityDescriptor>
                <Side>00000000-0000-0001-0000-000000000000</Side>
                <Superior>00000000-0000-0001-0000-000000000000</Superior>
              </EntityDescriptor>
              <CurrentState>
                <PhysicalState>
                  <EntityHealthStatus>
                    <OperationalStatus>
                      <OperationalStatusCode>FullyOperational</OperationalStatusCode>
                    </OperationalStatus>
                  </EntityHealthStatus>
                  <Location>
                    <GeodeticCoordinate>
                      <Latitude>58.586727</Latitude>
                      <Longitude>16.249418</Longitude>
                    </GeodeticCoordinate>
                  </Location>
                </PhysicalState>
              </CurrentState>
              <EntityType>
                <APP6-SIDC>
                  <SIDCString>SFGPUCI--------</SIDCString>
                </APP6-SIDC>
              </EntityType>
              <EntityType>
                <DISEntityType>
                  <DISCategory>0</DISCategory>
                  <DISCountry>0</DISCountry>
                  <DISDomain>0</DISDomain>
                  <DISExtra>0</DISExtra>
                  <DISKind>0</DISKind>
                  <DISSpecific>0</DISSpecific>
                  <DISSubCategory>0</DISSubCategory>
                </DISEntityType>
              </EntityType>
              <Name>1BCT</Name>
              <UUID>00000000-0006-0001-0001-000000000000</UUID>
            </MilitaryOrganization>
          </CollectiveEntity>
        </ActorEntity>
      </Entity>
      <Entity>
        <!--Row03-->
        <ActorEntity>
          <CollectiveEntity>
            <MilitaryOrganization>
              <EntityDescriptor>
                <Side>00000000-0000-0001-0000-000000000000</Side>
                <Superior>00000000-0005-0001-1000-000000000000</Superior>
              </EntityDescriptor>
              <CurrentState>
                <PhysicalState>
                  <EntityHealthStatus>
                    <OperationalStatus>
                      <OperationalStatusCode>FullyOperational</OperationalStatusCode>
                    </OperationalStatus>
                  </EntityHealthStatus>
                  <Location>
                    <GeodeticCoordinate>
                      <Latitude>58.586727</Latitude>
                      <Longitude>16.249418</Longitude>
                    </GeodeticCoordinate>
                  </Location>
                </PhysicalState>
              </CurrentState>
              <EntityType>
                <APP6-SIDC>
                  <SIDCString>S-APMFQ---**--*</SIDCString>
                </APP6-SIDC>
              </EntityType>
              <EntityType>
                <DISEntityType>
                  <DISCategory>50</DISCategory>
                  <DISCountry>225</DISCountry>
                  <DISDomain>2</DISDomain>
                  <DISExtra>0</DISExtra>
                  <DISKind>1</DISKind>
                  <DISSpecific>1</DISSpecific>
                  <DISSubCategory>4</DISSubCategory>
                </DISEntityType>
              </EntityType>
              <Name>UKUAS1</Name>
              <UUID>00000000-0005-0001-0010-000000000000</UUID>
            </MilitaryOrganization>
          </CollectiveEntity>
        </ActorEntity>
      </Entity>
      <Entity>
        <!--Row04-->
        <ActorEntity>
          <CollectiveEntity>
            <MilitaryOrganization>
              <EntityDescriptor>
                <Side>00000000-0000-0001-0000-000000000000</Side>
                <Superior>00000000-0005-0001-1000-000000000000</Superior>
              </EntityDescriptor>
              <CurrentState>
                <PhysicalState>
                  <EntityHealthStatus>
                    <OperationalStatus>
                      <OperationalStatusCode>FullyOperational</OperationalStatusCode>
                    </OperationalStatus>
                  </EntityHealthStatus>
                  <Location>
                    <GeodeticCoordinate>
                      <Latitude>58.586727</Latitude>
                      <Longitude>16.249418</Longitude>
                    </GeodeticCoordinate>
                  </Location>
                </PhysicalState>
              </CurrentState>
              <EntityType>
                <APP6-SIDC>
                  <SIDCString>SFAPMFQ--------</SIDCString>
                </APP6-SIDC>
              </EntityType>
              <EntityType>
                <DISEntityType>
                  <DISCategory>50</DISCategory>
                  <DISCountry>225</DISCountry>
                  <DISDomain>2</DISDomain>
                  <DISExtra>0</DISExtra>
                  <DISKind>1</DISKind>
                  <DISSpecific>1</DISSpecific>
                  <DISSubCategory>4</DISSubCategory>
                </DISEntityType>
              </EntityType>
              <Name>UKUAS2</Name>
              <UUID>00000000-0005-0001-0011-000000000000</UUID>
            </MilitaryOrganization>
          </CollectiveEntity>
        </ActorEntity>
      </Entity>
      <Entity>
        <!--Row05-->
        <ActorEntity>
          <CollectiveEntity>
            <MilitaryOrganization>
              <!--Resource (ASX)>
                    <Equipment>
                        <EntityType>
                        </EntityType>
                    </Equipment>
                </Resource-->
              <EntityDescriptor>
                <Side>00000000-0000-0001-0000-000000000000</Side>
                <Superior>00000000-0002-0001-1000-000000000000</Superior>
                <!--LevelOfAutonomyCode>LoA-3</LevelOfAutonomyCode-->
              </EntityDescriptor>
              <CurrentState>
                <PhysicalState>
                  <DateTime>
                    <IsoDateTime>0000-00-00T00:15:00Z</IsoDateTime>
                  </DateTime>
                  <Location>
                    <GeodeticCoordinate>
                      <AltitudeMSL>20.0</AltitudeMSL>
                      <Latitude>58.586727</Latitude>
                      <Longitude>16.249418</Longitude>
                    </GeodeticCoordinate>
                  </Location>
                  <!--PhysicalExtent  (ASX)>
                        <BoundingBox>
                            <Length>10</Length>
                            <Width>10</Width>
                        </BoundingBox>
                    </PhysicalExtent-->
                </PhysicalState>
              </CurrentState>
              <EntityType>
                <APP6-SIDC>
                  <SIDCString>SFAPMFQ--------</SIDCString>
                </APP6-SIDC>
              </EntityType>
              <EntityType>
                <DISEntityType>
                  <DISCategory>50</DISCategory>
                  <DISCountry>225</DISCountry>
                  <DISDomain>2</DISDomain>
                  <DISExtra>2</DISExtra>
                  <DISKind>1</DISKind>
                  <DISSpecific>0</DISSpecific>
                  <DISSubCategory>2</DISSubCategory>
                </DISEntityType>
              </EntityType>
              <EntityType>
                <NamedEntityType>
                  <EntityTypeString>Hellios</EntityTypeString>
                </NamedEntityType>
              </EntityType>
              <Name>ITAUAS3</Name>
              <UUID>00000000-0003-0001-0010-000000000000</UUID>
            </MilitaryOrganization>
          </CollectiveEntity>
        </ActorEntity>
      </Entity>
      <Entity>
        <!--Row06-->
        <ActorEntity>
          <CollectiveEntity>
            <MilitaryOrganization>
              <!--Resource ASX>
                <Equipment>
                  <EntityType>
                    <DISEntityType>
                      <DISCategory>50</DISCategory>
                      <DISCountry>225</DISCountry>
                      <DISDomain>2</DISDomain>
                      <DISExtra>2</DISExtra>
                      <DISKind>1</DISKind>
                      <DISSpecific>0</DISSpecific>
                      <DISSubCategory>2</DISSubCategory>
                    </DISEntityType>
                  </EntityType>
                </Equipment>
              </Resource-->
              <EntityDescriptor>
                <!--LevelOfAutonomyCode>LoA-3</LevelOfAutonomyCode  (ASX)-->
                <Side>00000000-0000-0001-0000-000000000000</Side>
                <Superior>00000000-0002-0001-1000-000000000000</Superior>
              </EntityDescriptor>
              <CurrentState>
                <PhysicalState>
                  <Location>
                    <GeodeticCoordinate>
                      <AltitudeMSL>20.0</AltitudeMSL>
                      <Latitude>58.586727</Latitude>
                      <Longitude>16.249418</Longitude>
                    </GeodeticCoordinate>
                  </Location>
                  <!--PhysicalExtent>
                    <BoundingBox>
                      <Length>10</Length>
                      <Width>10</Width>
                    </BoundingBox>
                  </PhysicalExtent-->
                </PhysicalState>
              </CurrentState>
              <EntityType>
                <APP6-SIDC>
                  <SIDCString>SFAPMFQ--------</SIDCString>
                </APP6-SIDC>
              </EntityType>
              <EntityType>
                <DISEntityType>
                  <DISCategory>50</DISCategory>
                  <DISCountry>225</DISCountry>
                  <DISDomain>2</DISDomain>
                  <DISExtra>2</DISExtra>
                  <DISKind>1</DISKind>
                  <DISSpecific>0</DISSpecific>
                  <DISSubCategory>2</DISSubCategory>
                </DISEntityType>
              </EntityType>
              <EntityType>
                <NamedEntityType>
                  <EntityTypeString>Hellios</EntityTypeString>
                </NamedEntityType>
              </EntityType>
              <Name>ITAUAS4</Name>
              <UUID>00000000-0003-0001-0011-000000000000</UUID>
            </MilitaryOrganization>
          </CollectiveEntity>
        </ActorEntity>
      </Entity>
      <Entity>
        <!--Row07-->
        <ActorEntity>
          <CollectiveEntity>
            <MilitaryOrganization>
              <EntityDescriptor>
                <Side>00000000-0000-0001-0000-000000000000</Side>
                <Superior>00000000-0002-0001-1000-000000000000</Superior>
              </EntityDescriptor>
              <CurrentState>
                <PhysicalState>
                  <EntityHealthStatus>
                    <OperationalStatus>
                      <OperationalStatusCode>FullyOperational</OperationalStatusCode>
                    </OperationalStatus>
                  </EntityHealthStatus>
                  <Location>
                    <GeodeticCoordinate>
                      <Latitude>58.586727</Latitude>
                      <Longitude>16.249418</Longitude>
                    </GeodeticCoordinate>
                  </Location>
                </PhysicalState>
              </CurrentState>
              <EntityType>
                <APP6-SIDC>
                  <SIDCString>SFAPMFQ--------</SIDCString>
                </APP6-SIDC>
              </EntityType>
              <EntityType>
                <DISEntityType>
                  <DISCategory>50</DISCategory>
                  <DISCountry>225</DISCountry>
                  <DISDomain>2</DISDomain>
                  <DISExtra>0</DISExtra>
                  <DISKind>1</DISKind>
                  <DISSpecific>1</DISSpecific>
                  <DISSubCategory>4</DISSubCategory>
                </DISEntityType>
              </EntityType>
              <Name>DEUUAS5</Name>
              <UUID>00000000-0002-0001-0010-000000000000</UUID>
            </MilitaryOrganization>
          </CollectiveEntity>
        </ActorEntity>
      </Entity>
      <Entity>
        <!--Row08-->
        <ActorEntity>
          <CollectiveEntity>
            <MilitaryOrganization>
              <EntityDescriptor>
                <Side>00000000-0000-0001-0000-000000000000</Side>
                <Superior>00000000-0002-0001-1000-000000000000</Superior>
              </EntityDescriptor>
              <CurrentState>
                <PhysicalState>
                  <EntityHealthStatus>
                    <OperationalStatus>
                      <OperationalStatusCode>FullyOperational</OperationalStatusCode>
                    </OperationalStatus>
                  </EntityHealthStatus>
                  <Location>
                    <GeodeticCoordinate>
                      <Latitude>58.586727</Latitude>
                      <Longitude>16.249418</Longitude>
                    </GeodeticCoordinate>
                  </Location>
                </PhysicalState>
              </CurrentState>
              <EntityType>
                <APP6-SIDC>
                  <SIDCString>SFAPMFQ--------</SIDCString>
                </APP6-SIDC>
              </EntityType>
              <EntityType>
                <DISEntityType>
                  <DISCategory>50</DISCategory>
                  <DISCountry>225</DISCountry>
                  <DISDomain>2</DISDomain>
                  <DISExtra>0</DISExtra>
                  <DISKind>1</DISKind>
                  <DISSpecific>1</DISSpecific>
                  <DISSubCategory>4</DISSubCategory>
                </DISEntityType>
              </EntityType>
              <Name>DEUUAS6</Name>
              <UUID>00000000-0002-0001-0011-000000000000</UUID>
            </MilitaryOrganization>
          </CollectiveEntity>
        </ActorEntity>
      </Entity>
      <Entity>
        <!--Row09-->
        <ActorEntity>
          <CollectiveEntity>
            <MilitaryOrganization>
              <!--Resource  (ASX)>
                  <Equipment>
                    <EntityType>
                     <DISEntityType>
                      <EntityTypeString>1 1 225 50 1 0 1</EntityTypeString>
                      <DISCountry>225</DISCountryCode>
                      <DISCategory>50</DISCategory>
                      <DISDomain>1</DISDomainCode>
                      <DISExtra>1</DISExtra>
                      <DISKind>1</DISKindCode>
                      <DISSpecific>0</DISSpecific>
                      <DISSubCategory>1</DISSubCategory>
                    </DISEntityType>
                    </EntityType>
                  </Equipment>
                </Resource-->
              <EntityDescriptor>
                <Side>00000000-0000-0001-0000-000000000000</Side>
                <Superior>00000000-0003-0001-0003-000000000001</Superior>
              </EntityDescriptor>
              <CurrentState>
                <PhysicalState>
                  <DirectionOfMovement>
                    <EulerAngles>
                      <HeadingAngle>0</HeadingAngle>
                      <Phi>0</Phi>
                      <Psi>0</Psi>
                      <Theta>0</Theta>
                    </EulerAngles>
                  </DirectionOfMovement>
                  <Location>
                    <GeodeticCoordinate>
                      <Latitude>58.7513</Latitude>
                      <Longitude>16.7246</Longitude>
                    </GeodeticCoordinate>
                  </Location>
                  <Orientation>
                    <EulerAngles>
                      <HeadingAngle>0</HeadingAngle>
                      <Phi>0</Phi>
                      <Psi>0</Psi>
                      <Theta>0</Theta>
                    </EulerAngles>
                  </Orientation>
                </PhysicalState>
              </CurrentState>
              <EntityType>
                <APP6-SIDC>
                  <SIDCString>SFGPEVAL-------</SIDCString>
                </APP6-SIDC>
              </EntityType>
              <EntityType>
                <DISEntityType>
                  <DISCategory>50</DISCategory>
                  <DISCountry>225</DISCountry>
                  <DISDomain>1</DISDomain>
                  <DISExtra>1</DISExtra>
                  <DISKind>1</DISKind>
                  <DISSpecific>0</DISSpecific>
                  <DISSubCategory>1</DISSubCategory>
                </DISEntityType>
              </EntityType>
              <Name>ITAUGV1</Name>
              <UUID>00000000-0003-0001-0020-000000000000</UUID>
            </MilitaryOrganization>
          </CollectiveEntity>
        </ActorEntity>
      </Entity>
      <Entity>
        <!--Row12-->
        <ActorEntity>
          <CollectiveEntity>
            <MilitaryOrganization>
              <EntityDescriptor>
                <Side>00000000-0000-0001-0000-000000000000</Side>
                <Superior>00000000-0006-0001-0001-000000000000</Superior>
              </EntityDescriptor>
              <CurrentState>
                <PhysicalState>
                  <EntityHealthStatus>
                    <OperationalStatus>
                      <OperationalStatusCode>FullyOperational</OperationalStatusCode>
                    </OperationalStatus>
                  </EntityHealthStatus>
                  <Location>
                    <GeodeticCoordinate>
                      <Latitude>58.612</Latitude>
                      <Longitude>17.013</Longitude>
                    </GeodeticCoordinate>
                  </Location>
                </PhysicalState>
              </CurrentState>
              <EntityType>
                <APP6-SIDC>
                  <SIDCString>SFSPXR---------</SIDCString>
                </APP6-SIDC>
              </EntityType>
              <EntityType>
                <DISEntityType>
                  <DISCategory>62</DISCategory>
                  <DISCountry>225</DISCountry>
                  <DISDomain>3</DISDomain>
                  <DISExtra>0</DISExtra>
                  <DISKind>1</DISKind>
                  <DISSpecific>13</DISSpecific>
                  <DISSubCategory>6</DISSubCategory>
                </DISEntityType>
              </EntityType>
              <Name>NZLBoat3</Name>
              <UUID>00000000-0004-0001-0030-000000000000</UUID>
            </MilitaryOrganization>
          </CollectiveEntity>
        </ActorEntity>
      </Entity>
      <Entity>
        <!--Row13-->
        <ActorEntity>
          <CollectiveEntity>
            <MilitaryOrganization>
              <EntityDescriptor>
                <Side>00000000-0000-0001-0000-000000000000</Side>
                <Superior>00000000-0006-0001-0001-000000000000</Superior>
              </EntityDescriptor>
              <CurrentState>
                <PhysicalState>
                  <EntityHealthStatus>
                    <OperationalStatus>
                      <OperationalStatusCode>FullyOperational</OperationalStatusCode>
                    </OperationalStatus>
                  </EntityHealthStatus>
                  <Location>
                    <GeodeticCoordinate>
                      <Latitude>58.61</Latitude>
                      <Longitude>16.840</Longitude>
                    </GeodeticCoordinate>
                  </Location>
                </PhysicalState>
              </CurrentState>
              <EntityType>
                <APP6-SIDC>
                  <SIDCString>SFSPXR---------</SIDCString>
                </APP6-SIDC>
              </EntityType>
              <EntityType>
                <DISEntityType>
                  <DISCategory>62</DISCategory>
                  <DISCountry>225</DISCountry>
                  <DISDomain>3</DISDomain>
                  <DISExtra>0</DISExtra>
                  <DISKind>1</DISKind>
                  <DISSpecific>13</DISSpecific>
                  <DISSubCategory>6</DISSubCategory>
                </DISEntityType>
              </EntityType>
              <Name>USABoat4</Name>
              <UUID>00000000-0007-0001-0030-000000000000</UUID>
            </MilitaryOrganization>
          </CollectiveEntity>
        </ActorEntity>
      </Entity>
      <Entity>
        <!--Row14-->
        <ActorEntity>
          <CollectiveEntity>
            <MilitaryOrganization>
              <EntityDescriptor>
                <Side>00000000-0000-0001-0000-000000000000</Side>
                <Superior>00000000-0007-0001-1000-000000000000</Superior>
              </EntityDescriptor>
              <CurrentState>
                <PhysicalState>
                  <EntityHealthStatus>
                    <OperationalStatus>
                      <OperationalStatusCode>FullyOperational</OperationalStatusCode>
                    </OperationalStatus>
                  </EntityHealthStatus>
                  <Location>
                    <GeodeticCoordinate>
                      <Latitude>58.586727</Latitude>
                      <Longitude>16.249418</Longitude>
                    </GeodeticCoordinate>
                  </Location>
                </PhysicalState>
              </CurrentState>
              <EntityType>
                <APP6-SIDC>
                  <SIDCString>SFAPMFQ--------</SIDCString>
                </APP6-SIDC>
              </EntityType>
              <EntityType>
                <DISEntityType>
                  <DISCategory>23</DISCategory>
                  <DISCountry>225</DISCountry>
                  <DISDomain>2</DISDomain>
                  <DISExtra>0</DISExtra>
                  <DISKind>1</DISKind>
                  <DISSpecific>1</DISSpecific>
                  <DISSubCategory>1</DISSubCategory>
                </DISEntityType>
              </EntityType>
              <Name>USAQRF</Name>
              <UUID>00000000-0007-0001-0040-000000000000</UUID>
            </MilitaryOrganization>
          </CollectiveEntity>
        </ActorEntity>
      </Entity>
      <Entity>
        <!--Row15-->
        <ActorEntity>
          <CollectiveEntity>
            <MilitaryOrganization>
              <EntityDescriptor>
                <Side>00000000-0000-0001-0000-000000000000</Side>
                <Superior>00000000-0007-0001-1000-000000000000</Superior>
              </EntityDescriptor>
              <CurrentState>
                <PhysicalState>
                  <EntityHealthStatus>
                    <OperationalStatus>
                      <OperationalStatusCode>FullyOperational</OperationalStatusCode>
                    </OperationalStatus>
                  </EntityHealthStatus>
                  <Location>
                    <GeodeticCoordinate>
                      <AltitudeAGL>8</AltitudeAGL>
                      <Latitude>58.586727</Latitude>
                      <Longitude>16.249418</Longitude>
                    </GeodeticCoordinate>
                  </Location>
                </PhysicalState>
              </CurrentState>
              <EntityType>
                <APP6-SIDC>
                  <SIDCString>SFAPMFQ--------</SIDCString>
                </APP6-SIDC>
              </EntityType>
              <EntityType>
                <DISEntityType>
                  <DISCategory>20</DISCategory>
                  <DISCountry>225</DISCountry>
                  <DISDomain>2</DISDomain>
                  <DISExtra>0</DISExtra>
                  <DISKind>1</DISKind>
                  <DISSpecific>1</DISSpecific>
                  <DISSubCategory>1</DISSubCategory>
                </DISEntityType>
              </EntityType>
              <Name>AH-64</Name>
              <UUID>00000000-0007-0001-0050-000000000000</UUID>
            </MilitaryOrganization>
          </CollectiveEntity>
        </ActorEntity>
      </Entity>
      <Entity>
        <!--Row16-->
        <ActorEntity>
          <CollectiveEntity>
            <MilitaryOrganization>
              <EntityDescriptor>
                <Side>00000000-0000-0001-0000-000000000000</Side>
                <Superior>00000000-0006-0001-0001-000000000000</Superior>
              </EntityDescriptor>
              <CurrentState>
                <PhysicalState>
                  <EntityHealthStatus>
                    <OperationalStatus>
                      <OperationalStatusCode>FullyOperational</OperationalStatusCode>
                    </OperationalStatus>
                  </EntityHealthStatus>
                  <Location>
                    <GeodeticCoordinate>
                      <Latitude>58.648178</Latitude>
                      <Longitude>16.16817</Longitude>
                    </GeodeticCoordinate>
                  </Location>
                </PhysicalState>
              </CurrentState>
              <EntityType>
                <APP6-SIDC>
                  <SIDCString>SFGPUCI----F---</SIDCString>
                </APP6-SIDC>
              </EntityType>
              <EntityType>
                <DISEntityType>
                  <DISCategory>0</DISCategory>
                  <DISCountry>0</DISCountry>
                  <DISDomain>0</DISDomain>
                  <DISExtra>0</DISExtra>
                  <DISKind>0</DISKind>
                  <DISSpecific>0</DISSpecific>
                  <DISSubCategory>0</DISSubCategory>
                </DISEntityType>
              </EntityType>
              <Name>USBn1</Name>
              <UUID>00000000-0007-0001-1000-000000000000</UUID>
            </MilitaryOrganization>
          </CollectiveEntity>
        </ActorEntity>
      </Entity>
      <Entity>
        <!--Row17-->
        <ActorEntity>
          <CollectiveEntity>
            <MilitaryOrganization>
              <EntityDescriptor>
                <Side>00000000-0000-0001-0000-000000000000</Side>
                <Superior>00000000-0007-0001-1000-000000000000</Superior>
              </EntityDescriptor>
              <CurrentState>
                <PhysicalState>
                  <EntityHealthStatus>
                    <OperationalStatus>
                      <OperationalStatusCode>FullyOperational</OperationalStatusCode>
                    </OperationalStatus>
                  </EntityHealthStatus>
                  <Location>
                    <GeodeticCoordinate>
                      <Latitude>58.648178</Latitude>
                      <Longitude>16.16817</Longitude>
                    </GeodeticCoordinate>
                  </Location>
                </PhysicalState>
              </CurrentState>
              <EntityType>
                <APP6-SIDC>
                  <SIDCString>SFGPUCI----E---</SIDCString>
                </APP6-SIDC>
              </EntityType>
              <EntityType>
                <DISEntityType>
                  <DISCategory>0</DISCategory>
                  <DISCountry>0</DISCountry>
                  <DISDomain>0</DISDomain>
                  <DISExtra>0</DISExtra>
                  <DISKind>0</DISKind>
                  <DISSpecific>0</DISSpecific>
                  <DISSubCategory>0</DISSubCategory>
                </DISEntityType>
              </EntityType>
              <Name>USBn1CoA</Name>
              <UUID>00000000-0006-0001-0100-000000000000</UUID>
            </MilitaryOrganization>
          </CollectiveEntity>
        </ActorEntity>
      </Entity>
      <Entity>
        <!--Row18-->
        <ActorEntity>
          <CollectiveEntity>
            <MilitaryOrganization>
              <EntityDescriptor>
                <Side>00000000-0000-0001-0000-000000000000</Side>
                <Superior>00000000-0000-0001-0001-000000000000</Superior>
              </EntityDescriptor>
              <CurrentState>
                <PhysicalState>
                  <EntityHealthStatus>
                    <OperationalStatus>
                      <OperationalStatusCode>FullyOperational</OperationalStatusCode>
                    </OperationalStatus>
                  </EntityHealthStatus>
                  <Location>
                    <GeodeticCoordinate>
                      <Latitude>58.648178</Latitude>
                      <Longitude>16.16817</Longitude>
                    </GeodeticCoordinate>
                  </Location>
                </PhysicalState>
              </CurrentState>
              <EntityType>
                <APP6-SIDC>
                  <SIDCString>SFGPUCI----D---</SIDCString>
                </APP6-SIDC>
              </EntityType>
              <EntityType>
                <DISEntityType>
                  <DISCategory>3</DISCategory>
                  <DISCountry>222</DISCountry>
                  <DISDomain>1</DISDomain>
                  <DISExtra>0</DISExtra>
                  <DISKind>1</DISKind>
                  <DISSpecific>0</DISSpecific>
                  <DISSubCategory>3</DISSubCategory>
                </DISEntityType>
              </EntityType>
              <Name>USBn1CoAp1</Name>
              <UUID>00000000-0006-0001-0101-000000000000</UUID>
            </MilitaryOrganization>
          </CollectiveEntity>
        </ActorEntity>
      </Entity>
      <Entity>
        <!--Row19-->
        <ActorEntity>
          <CollectiveEntity>
            <MilitaryOrganization>
              <EntityDescriptor>
                <Side>00000000-0000-0001-0000-000000000000</Side>
                <Superior>00000000-0000-0001-0001-000000000000</Superior>
              </EntityDescriptor>
              <CurrentState>
                <PhysicalState>
                  <EntityHealthStatus>
                    <OperationalStatus>
                      <OperationalStatusCode>FullyOperational</OperationalStatusCode>
                    </OperationalStatus>
                  </EntityHealthStatus>
                  <Location>
                    <GeodeticCoordinate>
                      <Latitude>58.648178</Latitude>
                      <Longitude>16.16817</Longitude>
                    </GeodeticCoordinate>
                  </Location>
                </PhysicalState>
              </CurrentState>
              <EntityType>
                <APP6-SIDC>
                  <SIDCString>SFGPUCI----D---</SIDCString>
                </APP6-SIDC>
              </EntityType>
              <EntityType>
                <DISEntityType>
                  <DISCategory>3</DISCategory>
                  <DISCountry>222</DISCountry>
                  <DISDomain>1</DISDomain>
                  <DISExtra>0</DISExtra>
                  <DISKind>1</DISKind>
                  <DISSpecific>0</DISSpecific>
                  <DISSubCategory>3</DISSubCategory>
                </DISEntityType>
              </EntityType>
              <Name>USBN1CoAp2</Name>
              <UUID>00000000-0006-0001-0102-000000000000</UUID>
            </MilitaryOrganization>
          </CollectiveEntity>
        </ActorEntity>
      </Entity>
      <Entity>
        <!--Row20-->
        <ActorEntity>
          <CollectiveEntity>
            <MilitaryOrganization>
              <EntityDescriptor>
                <Side>00000000-0000-0001-0000-000000000000</Side>
                <Superior>00000000-0007-0001-1000-000000000000</Superior>
              </EntityDescriptor>
              <CurrentState>
                <PhysicalState>
                  <EntityHealthStatus>
                    <OperationalStatus>
                      <OperationalStatusCode>FullyOperational</OperationalStatusCode>
                    </OperationalStatus>
                  </EntityHealthStatus>
                  <Location>
                    <GeodeticCoordinate>
                      <Latitude>58.648178</Latitude>
                      <Longitude>16.16817</Longitude>
                    </GeodeticCoordinate>
                  </Location>
                </PhysicalState>
              </CurrentState>
              <EntityType>
                <APP6-SIDC>
                  <SIDCString>SFGPUCI----E---</SIDCString>
                </APP6-SIDC>
              </EntityType>
              <EntityType>
                <DISEntityType>
                  <DISCategory>0</DISCategory>
                  <DISCountry>0</DISCountry>
                  <DISDomain>0</DISDomain>
                  <DISExtra>0</DISExtra>
                  <DISKind>0</DISKind>
                  <DISSpecific>0</DISSpecific>
                  <DISSubCategory>0</DISSubCategory>
                </DISEntityType>
              </EntityType>
              <Name>USBn1CoB</Name>
              <UUID>00000000-0007-0001-0103-000000000000</UUID>
            </MilitaryOrganization>
          </CollectiveEntity>
        </ActorEntity>
      </Entity>
      <Entity>
        <!--Row20-->
        <ActorEntity>
          <CollectiveEntity>
            <MilitaryOrganization>
              <EntityDescriptor>
                <Side>00000000-0000-0003-0000-000000000000</Side>
                <Superior>00000000-0007-0000-0000-000000000000</Superior>
              </EntityDescriptor>
              <CurrentState>
                <PhysicalState>
                  <EntityHealthStatus>
                    <OperationalStatus>
                      <OperationalStatusCode>FullyOperational</OperationalStatusCode>
                    </OperationalStatus>
                  </EntityHealthStatus>
                  <Location>
                    <GeodeticCoordinate>
                      <Latitude>58.715</Latitude>
                      <Longitude>17.025</Longitude>
                    </GeodeticCoordinate>
                  </Location>
                </PhysicalState>
              </CurrentState>
              <EntityType>
                <APP6-SIDC>
                  <SIDCString>SNGPUCI--------</SIDCString>
                </APP6-SIDC>
              </EntityType>
              <EntityType>
                <DISEntityType>
                  <DISCategory>3</DISCategory>
                  <DISCountry>225</DISCountry>
                  <DISDomain>1</DISDomain>
                  <DISExtra>0</DISExtra>
                  <DISKind>3</DISKind>
                  <DISSpecific>1</DISSpecific>
                  <DISSubCategory>0</DISSubCategory>
                </DISEntityType>
              </EntityType>
              <Name>Evacuee</Name>
              <UUID>00000000-0007-0003-0001-000000000000</UUID>
            </MilitaryOrganization>
          </CollectiveEntity>
        </ActorEntity>
      </Entity>
      <Entity>
        <!--Row21-->
        <ActorEntity>
          <CollectiveEntity>
            <MilitaryOrganization>
              <EntityDescriptor>
                <Side>00000000-0000-0001-0000-000000000000</Side>
                <Superior>00000000-0006-0001-0001-000000000000</Superior>
              </EntityDescriptor>
              <CurrentState>
                <PhysicalState>
                  <EntityHealthStatus>
                    <OperationalStatus>
                      <OperationalStatusCode>FullyOperational</OperationalStatusCode>
                    </OperationalStatus>
                  </EntityHealthStatus>
                  <Location>
                    <GeodeticCoordinate>
                      <Latitude>58.475502</Latitude>
                      <Longitude>15.925229</Longitude>
                    </GeodeticCoordinate>
                  </Location>
                </PhysicalState>
              </CurrentState>
              <EntityType>
                <APP6-SIDC>
                  <SIDCString>SFGPUCI----F---</SIDCString>
                </APP6-SIDC>
              </EntityType>
              <EntityType>
                <DISEntityType>
                  <DISCategory>0</DISCategory>
                  <DISCountry>0</DISCountry>
                  <DISDomain>0</DISDomain>
                  <DISExtra>0</DISExtra>
                  <DISKind>0</DISKind>
                  <DISSpecific>0</DISSpecific>
                  <DISSubCategory>0</DISSubCategory>
                </DISEntityType>
              </EntityType>
              <Name>UKBn2</Name>
              <UUID>00000000-0005-0001-1000-000000000000</UUID>
            </MilitaryOrganization>
          </CollectiveEntity>
        </ActorEntity>
      </Entity>
      <Entity>
        <!--Row22-->
        <ActorEntity>
          <CollectiveEntity>
            <MilitaryOrganization>
              <EntityDescriptor>
                <Side>00000000-0000-0001-0000-000000000000</Side>
                <Superior>00000000-0005-0001-1000-000000000000</Superior>
              </EntityDescriptor>
              <CurrentState>
                <PhysicalState>
                  <EntityHealthStatus>
                    <OperationalStatus>
                      <OperationalStatusCode>FullyOperational</OperationalStatusCode>
                    </OperationalStatus>
                  </EntityHealthStatus>
                  <Location>
                    <GeodeticCoordinate>
                      <Latitude>58.470443</Latitude>
                      <Longitude>15.842652</Longitude>
                    </GeodeticCoordinate>
                  </Location>
                </PhysicalState>
              </CurrentState>
              <EntityType>
                <APP6-SIDC>
                  <SIDCString>SFGPUCI----E---</SIDCString>
                </APP6-SIDC>
              </EntityType>
              <EntityType>
                <DISEntityType>
                  <DISCategory>0</DISCategory>
                  <DISCountry>0</DISCountry>
                  <DISDomain>0</DISDomain>
                  <DISExtra>0</DISExtra>
                  <DISKind>0</DISKind>
                  <DISSpecific>0</DISSpecific>
                  <DISSubCategory>0</DISSubCategory>
                </DISEntityType>
              </EntityType>
              <Name>UKBN2CoA</Name>
              <UUID>00000000-0005-0001-0100-000000000000</UUID>
            </MilitaryOrganization>
          </CollectiveEntity>
        </ActorEntity>
      </Entity>
      <Entity>
        <!--Row23-->
        <ActorEntity>
          <CollectiveEntity>
            <MilitaryOrganization>
              <EntityDescriptor>
                <Side>00000000-0000-0001-0000-000000000000</Side>
                <Superior>00000000-0005-0001-1000-000000000000</Superior>
              </EntityDescriptor>
              <CurrentState>
                <PhysicalState>
                  <EntityHealthStatus>
                    <OperationalStatus>
                      <OperationalStatusCode>FullyOperational</OperationalStatusCode>
                    </OperationalStatus>
                  </EntityHealthStatus>
                  <Location>
                    <GeodeticCoordinate>
                      <Latitude>58.495044</Latitude>
                      <Longitude>15.980888</Longitude>
                    </GeodeticCoordinate>
                  </Location>
                </PhysicalState>
              </CurrentState>
              <EntityType>
                <APP6-SIDC>
                  <SIDCString>SFGPUCI----E---</SIDCString>
                </APP6-SIDC>
              </EntityType>
              <EntityType>
                <DISEntityType>
                  <DISCategory>0</DISCategory>
                  <DISCountry>0</DISCountry>
                  <DISDomain>0</DISDomain>
                  <DISExtra>0</DISExtra>
                  <DISKind>0</DISKind>
                  <DISSpecific>0</DISSpecific>
                  <DISSubCategory>0</DISSubCategory>
                </DISEntityType>
              </EntityType>
              <Name>UKBn2CoB</Name>
              <UUID>00000000-0005-0001-0101-000000000000</UUID>
            </MilitaryOrganization>
          </CollectiveEntity>
        </ActorEntity>
      </Entity>
      <Entity>
        <!--Row23a-->
        <ActorEntity>
          <CollectiveEntity>
            <MilitaryOrganization>
              <EntityDescriptor>
                <Side>00000000-0000-0001-0000-000000000000</Side>
                <Superior>00000000-0005-0001-1000-000000000000</Superior>
              </EntityDescriptor>
              <CurrentState>
                <PhysicalState>
                  <EntityHealthStatus>
                    <OperationalStatus>
                      <OperationalStatusCode>FullyOperational</OperationalStatusCode>
                    </OperationalStatus>
                  </EntityHealthStatus>
                  <Location>
                    <GeodeticCoordinate>
                      <Latitude>58.586102</Latitude>
                      <Longitude>16.231331</Longitude>
                    </GeodeticCoordinate>
                  </Location>
                </PhysicalState>
              </CurrentState>
              <EntityType>
                <APP6-SIDC>
                  <SIDCString>SFGPUCI----E---</SIDCString>
                </APP6-SIDC>
              </EntityType>
              <EntityType>
                <DISEntityType>
                  <DISCategory>0</DISCategory>
                  <DISCountry>0</DISCountry>
                  <DISDomain>0</DISDomain>
                  <DISExtra>0</DISExtra>
                  <DISKind>0</DISKind>
                  <DISSpecific>0</DISSpecific>
                  <DISSubCategory>0</DISSubCategory>
                </DISEntityType>
              </EntityType>
              <Name>UKBn2CoC</Name>
              <UUID>00000000-0005-0001-0102-000000000000</UUID>
            </MilitaryOrganization>
          </CollectiveEntity>
        </ActorEntity>
      </Entity>
      <Entity>
        <!--Row23b-->
        <ActorEntity>
          <CollectiveEntity>
            <MilitaryOrganization>
              <EntityDescriptor>
                <Side>00000000-0000-0001-0000-000000000000</Side>
                <Superior>00000000-0005-0001-1000-000000000000</Superior>
              </EntityDescriptor>
              <CurrentState>
                <PhysicalState>
                  <EntityHealthStatus>
                    <OperationalStatus>
                      <OperationalStatusCode>FullyOperational</OperationalStatusCode>
                    </OperationalStatus>
                  </EntityHealthStatus>
                  <Location>
                    <GeodeticCoordinate>
                      <Latitude>58.586102</Latitude>
                      <Longitude>16.231331</Longitude>
                    </GeodeticCoordinate>
                  </Location>
                </PhysicalState>
              </CurrentState>
              <EntityType>
                <APP6-SIDC>
                  <SIDCString>SFGPUCI----D---</SIDCString>
                </APP6-SIDC>
              </EntityType>
              <EntityType>
                <DISEntityType>
                  <DISCategory>0</DISCategory>
                  <DISCountry>0</DISCountry>
                  <DISDomain>0</DISDomain>
                  <DISExtra>0</DISExtra>
                  <DISKind>0</DISKind>
                  <DISSpecific>0</DISSpecific>
                  <DISSubCategory>0</DISSubCategory>
                </DISEntityType>
              </EntityType>
              <Name>UKBn2CoCPl1</Name>
              <UUID>00000000-0005-0001-0103-000000000000</UUID>
            </MilitaryOrganization>
          </CollectiveEntity>
        </ActorEntity>
      </Entity>
      <Entity>
        <!--Row23c-->
        <ActorEntity>
          <CollectiveEntity>
            <MilitaryOrganization>
              <EntityDescriptor>
                <Side>00000000-0000-0001-0000-000000000000</Side>
                <Superior>00000000-0005-0001-1000-000000000000</Superior>
              </EntityDescriptor>
              <CurrentState>
                <PhysicalState>
                  <EntityHealthStatus>
                    <OperationalStatus>
                      <OperationalStatusCode>FullyOperational</OperationalStatusCode>
                    </OperationalStatus>
                  </EntityHealthStatus>
                  <Location>
                    <GeodeticCoordinate>
                      <Latitude>58.586102</Latitude>
                      <Longitude>16.231331</Longitude>
                    </GeodeticCoordinate>
                  </Location>
                </PhysicalState>
              </CurrentState>
              <EntityType>
                <APP6-SIDC>
                  <SIDCString>SFGPUCI----D---</SIDCString>
                </APP6-SIDC>
              </EntityType>
              <EntityType>
                <DISEntityType>
                  <DISCategory>0</DISCategory>
                  <DISCountry>0</DISCountry>
                  <DISDomain>0</DISDomain>
                  <DISExtra>0</DISExtra>
                  <DISKind>0</DISKind>
                  <DISSpecific>0</DISSpecific>
                  <DISSubCategory>0</DISSubCategory>
                </DISEntityType>
              </EntityType>
              <Name>UKBn2CoCPl2</Name>
              <UUID>00000000-0005-0001-0104-000000000000</UUID>
            </MilitaryOrganization>
          </CollectiveEntity>
        </ActorEntity>
      </Entity>
      <Entity>
        <!--Row23d-->
        <ActorEntity>
          <CollectiveEntity>
            <MilitaryOrganization>
              <EntityDescriptor>
                <Side>00000000-0000-0001-0000-000000000000</Side>
                <Superior>00000000-0005-0001-1000-000000000000</Superior>
              </EntityDescriptor>
              <CurrentState>
                <PhysicalState>
                  <EntityHealthStatus>
                    <OperationalStatus>
                      <OperationalStatusCode>FullyOperational</OperationalStatusCode>
                    </OperationalStatus>
                  </EntityHealthStatus>
                  <Location>
                    <GeodeticCoordinate>
                      <Latitude>58.586102</Latitude>
                      <Longitude>16.231331</Longitude>
                    </GeodeticCoordinate>
                  </Location>
                </PhysicalState>
              </CurrentState>
              <EntityType>
                <APP6-SIDC>
                  <SIDCString>SFGPUCI----D---</SIDCString>
                </APP6-SIDC>
              </EntityType>
              <EntityType>
                <DISEntityType>
                  <DISCategory>0</DISCategory>
                  <DISCountry>0</DISCountry>
                  <DISDomain>0</DISDomain>
                  <DISExtra>0</DISExtra>
                  <DISKind>0</DISKind>
                  <DISSpecific>0</DISSpecific>
                  <DISSubCategory>0</DISSubCategory>
                </DISEntityType>
              </EntityType>
              <Name>UKBn2CoCPl3</Name>
              <UUID>00000000-0005-0001-0105-000000000000</UUID>
            </MilitaryOrganization>
          </CollectiveEntity>
        </ActorEntity>
      </Entity>
      <Entity>
        <!--Row23e-->
        <ActorEntity>
          <CollectiveEntity>
            <MilitaryOrganization>
              <EntityDescriptor>
                <Side>00000000-0000-0001-0000-000000000000</Side>
                <Superior>00000000-0005-0001-1000-000000000000</Superior>
              </EntityDescriptor>
              <CurrentState>
                <PhysicalState>
                  <EntityHealthStatus>
                    <OperationalStatus>
                      <OperationalStatusCode>FullyOperational</OperationalStatusCode>
                    </OperationalStatus>
                  </EntityHealthStatus>
                  <Location>
                    <GeodeticCoordinate>
                      <Latitude>58.586102</Latitude>
                      <Longitude>16.231331</Longitude>
                    </GeodeticCoordinate>
                  </Location>
                </PhysicalState>
              </CurrentState>
              <EntityType>
                <APP6-SIDC>
                  <SIDCString>SFGPUCR----A---</SIDCString>
                </APP6-SIDC>
              </EntityType>
              <EntityType>
                <DISEntityType>
                  <DISCategory>0</DISCategory>
                  <DISCountry>0</DISCountry>
                  <DISDomain>0</DISDomain>
                  <DISExtra>0</DISExtra>
                  <DISKind>0</DISKind>
                  <DISSpecific>0</DISSpecific>
                  <DISSubCategory>0</DISSubCategory>
                </DISEntityType>
              </EntityType>
              <Name>UKRecce1A</Name>
              <UUID>00000000-0005-0001-0201-000000000000</UUID>
            </MilitaryOrganization>
          </CollectiveEntity>
        </ActorEntity>
      </Entity>
      <Entity>
        <!--Row23f-->
        <ActorEntity>
          <CollectiveEntity>
            <MilitaryOrganization>
              <EntityDescriptor>
                <Side>00000000-0000-0001-0000-000000000000</Side>
                <Superior>00000000-0005-0001-1000-000000000000</Superior>
              </EntityDescriptor>
              <CurrentState>
                <PhysicalState>
                  <EntityHealthStatus>
                    <OperationalStatus>
                      <OperationalStatusCode>FullyOperational</OperationalStatusCode>
                    </OperationalStatus>
                  </EntityHealthStatus>
                  <Location>
                    <GeodeticCoordinate>
                      <Latitude>58.586102</Latitude>
                      <Longitude>16.231331</Longitude>
                    </GeodeticCoordinate>
                  </Location>
                </PhysicalState>
              </CurrentState>
              <EntityType>
                <APP6-SIDC>
                  <SIDCString>SFGPUCR----A---</SIDCString>
                </APP6-SIDC>
              </EntityType>
              <EntityType>
                <DISEntityType>
                  <DISCategory>0</DISCategory>
                  <DISCountry>0</DISCountry>
                  <DISDomain>0</DISDomain>
                  <DISExtra>0</DISExtra>
                  <DISKind>0</DISKind>
                  <DISSpecific>0</DISSpecific>
                  <DISSubCategory>0</DISSubCategory>
                </DISEntityType>
              </EntityType>
              <Name>UKRecce1B</Name>
              <UUID>00000000-0005-0001-0202-000000000000</UUID>
            </MilitaryOrganization>
          </CollectiveEntity>
        </ActorEntity>
      </Entity>
      <Entity>
        <!--Row23g-->
        <ActorEntity>
          <CollectiveEntity>
            <MilitaryOrganization>
              <EntityDescriptor>
                <Side>00000000-0000-0001-0000-000000000000</Side>
                <Superior>00000000-0005-0001-1000-000000000000</Superior>
              </EntityDescriptor>
              <CurrentState>
                <PhysicalState>
                  <EntityHealthStatus>
                    <OperationalStatus>
                      <OperationalStatusCode>FullyOperational</OperationalStatusCode>
                    </OperationalStatus>
                  </EntityHealthStatus>
                  <Location>
                    <GeodeticCoordinate>
                      <Latitude>58.586102</Latitude>
                      <Longitude>16.231331</Longitude>
                    </GeodeticCoordinate>
                  </Location>
                </PhysicalState>
              </CurrentState>
              <EntityType>
                <APP6-SIDC>
                  <SIDCString>SFGPUCR----A---</SIDCString>
                </APP6-SIDC>
              </EntityType>
              <EntityType>
                <DISEntityType>
                  <DISCategory>0</DISCategory>
                  <DISCountry>0</DISCountry>
                  <DISDomain>0</DISDomain>
                  <DISExtra>0</DISExtra>
                  <DISKind>0</DISKind>
                  <DISSpecific>0</DISSpecific>
                  <DISSubCategory>0</DISSubCategory>
                </DISEntityType>
              </EntityType>
              <Name>UKRecce2A</Name>
              <UUID>00000000-0005-0001-0203-000000000000</UUID>
            </MilitaryOrganization>
          </CollectiveEntity>
        </ActorEntity>
      </Entity>
      <Entity>
        <!--Row23h-->
        <ActorEntity>
          <CollectiveEntity>
            <MilitaryOrganization>
              <EntityDescriptor>
                <Side>00000000-0000-0001-0000-000000000000</Side>
                <Superior>00000000-0005-0001-1000-000000000000</Superior>
              </EntityDescriptor>
              <CurrentState>
                <PhysicalState>
                  <EntityHealthStatus>
                    <OperationalStatus>
                      <OperationalStatusCode>FullyOperational</OperationalStatusCode>
                    </OperationalStatus>
                  </EntityHealthStatus>
                  <Location>
                    <GeodeticCoordinate>
                      <Latitude>58.586102</Latitude>
                      <Longitude>16.231331</Longitude>
                    </GeodeticCoordinate>
                  </Location>
                </PhysicalState>
              </CurrentState>
              <EntityType>
                <APP6-SIDC>
                  <SIDCString>SFGPUCR----A---</SIDCString>
                </APP6-SIDC>
              </EntityType>
              <EntityType>
                <DISEntityType>
                  <DISCategory>0</DISCategory>
                  <DISCountry>0</DISCountry>
                  <DISDomain>0</DISDomain>
                  <DISExtra>0</DISExtra>
                  <DISKind>0</DISKind>
                  <DISSpecific>0</DISSpecific>
                  <DISSubCategory>0</DISSubCategory>
                </DISEntityType>
              </EntityType>
              <Name>UKRecce2B</Name>
              <UUID>00000000-0005-0001-0204-000000000000</UUID>
            </MilitaryOrganization>
          </CollectiveEntity>
        </ActorEntity>
      </Entity>
      <Entity>
        <!--Row23i-->
        <ActorEntity>
          <CollectiveEntity>
            <MilitaryOrganization>
              <EntityDescriptor>
                <Side>00000000-0000-0001-0000-000000000000</Side>
                <Superior>00000000-0005-0001-1000-000000000000</Superior>
              </EntityDescriptor>
              <CurrentState>
                <PhysicalState>
                  <EntityHealthStatus>
                    <OperationalStatus>
                      <OperationalStatusCode>FullyOperational</OperationalStatusCode>
                    </OperationalStatus>
                  </EntityHealthStatus>
                  <Location>
                    <GeodeticCoordinate>
                      <Latitude>58.678418</Latitude>
                      <Longitude>16.381738</Longitude>
                    </GeodeticCoordinate>
                  </Location>
                </PhysicalState>
              </CurrentState>
              <EntityType>
                <APP6-SIDC>
                  <SIDCString>SNGPUCR--------</SIDCString>
                </APP6-SIDC>
              </EntityType>
              <EntityType>
                <DISEntityType>
                  <DISCategory>0</DISCategory>
                  <DISCountry>0</DISCountry>
                  <DISDomain>0</DISDomain>
                  <DISExtra>0</DISExtra>
                  <DISKind>0</DISKind>
                  <DISSpecific>0</DISSpecific>
                  <DISSubCategory>0</DISSubCategory>
                </DISEntityType>
              </EntityType>
              <Name>UKEPGp1</Name>
              <UUID>00000000-0005-0001-0301-000000000000</UUID>
            </MilitaryOrganization>
          </CollectiveEntity>
        </ActorEntity>
      </Entity>
      <Entity>
        <!--Row23j-->
        <ActorEntity>
          <CollectiveEntity>
            <MilitaryOrganization>
              <EntityDescriptor>
                <Side>00000000-0000-0001-0000-000000000000</Side>
                <Superior>00000000-0005-0001-1000-000000000000</Superior>
              </EntityDescriptor>
              <CurrentState>
                <PhysicalState>
                  <EntityHealthStatus>
                    <OperationalStatus>
                      <OperationalStatusCode>FullyOperational</OperationalStatusCode>
                    </OperationalStatus>
                  </EntityHealthStatus>
                  <Location>
                    <GeodeticCoordinate>
                      <Latitude>58.678418</Latitude>
                      <Longitude>16.381738</Longitude>
                    </GeodeticCoordinate>
                  </Location>
                </PhysicalState>
              </CurrentState>
              <EntityType>
                <APP6-SIDC>
                  <SIDCString>SNGPUCR----A---</SIDCString>
                </APP6-SIDC>
              </EntityType>
              <EntityType>
                <DISEntityType>
                  <DISCategory>0</DISCategory>
                  <DISCountry>0</DISCountry>
                  <DISDomain>0</DISDomain>
                  <DISExtra>0</DISExtra>
                  <DISKind>0</DISKind>
                  <DISSpecific>0</DISSpecific>
                  <DISSubCategory>0</DISSubCategory>
                </DISEntityType>
              </EntityType>
              <Name>UKEPGp2</Name>
              <UUID>00000000-0005-0001-0302-000000000000</UUID>
            </MilitaryOrganization>
          </CollectiveEntity>
        </ActorEntity>
      </Entity>
      <Entity>
        <!--Row23k-->
        <ActorEntity>
          <CollectiveEntity>
            <MilitaryOrganization>
              <EntityDescriptor>
                <Side>00000000-0000-0001-0000-000000000000</Side>
                <Superior>00000000-0007-0001-1000-000000000000</Superior>
              </EntityDescriptor>
              <CurrentState>
                <PhysicalState>
                  <EntityHealthStatus>
                    <OperationalStatus>
                      <OperationalStatusCode>FullyOperational</OperationalStatusCode>
                    </OperationalStatus>
                  </EntityHealthStatus>
                  <Location>
                    <GeodeticCoordinate>
                      <Latitude>58.584025</Latitude>
                      <Longitude>16.235089</Longitude>
                    </GeodeticCoordinate>
                  </Location>
                </PhysicalState>
              </CurrentState>
              <EntityType>
                <APP6-SIDC>
                  <SIDCString>SFAPMHUH-------</SIDCString>
                </APP6-SIDC>
              </EntityType>
              <EntityType>
                <DISEntityType>
                  <DISCategory>23</DISCategory>
                  <DISCountry>225</DISCountry>
                  <DISDomain>2</DISDomain>
                  <DISExtra>0</DISExtra>
                  <DISKind>1</DISKind>
                  <DISSpecific>1</DISSpecific>
                  <DISSubCategory>1</DISSubCategory>
                </DISEntityType>
              </EntityType>
              <Name>UKCH47A</Name>
              <UUID>00000000-0005-0001-0041-000000000000</UUID>
            </MilitaryOrganization>
          </CollectiveEntity>
        </ActorEntity>
      </Entity>
      <Entity>
        <!--Row23l-->
        <ActorEntity>
          <CollectiveEntity>
            <MilitaryOrganization>
              <EntityDescriptor>
                <Side>00000000-0000-0001-0000-000000000000</Side>
                <Superior>00000000-0007-0001-1000-000000000000</Superior>
              </EntityDescriptor>
              <CurrentState>
                <PhysicalState>
                  <EntityHealthStatus>
                    <OperationalStatus>
                      <OperationalStatusCode>FullyOperational</OperationalStatusCode>
                    </OperationalStatus>
                  </EntityHealthStatus>
                  <Location>
                    <GeodeticCoordinate>
                      <Latitude>58.584024</Latitude>
                      <Longitude>16.234353</Longitude>
                    </GeodeticCoordinate>
                  </Location>
                </PhysicalState>
              </CurrentState>
              <EntityType>
                <APP6-SIDC>
                  <SIDCString>SFAPMHUH-------</SIDCString>
                </APP6-SIDC>
              </EntityType>
              <EntityType>
                <DISEntityType>
                  <DISCategory>23</DISCategory>
                  <DISCountry>225</DISCountry>
                  <DISDomain>2</DISDomain>
                  <DISExtra>0</DISExtra>
                  <DISKind>1</DISKind>
                  <DISSpecific>1</DISSpecific>
                  <DISSubCategory>1</DISSubCategory>
                </DISEntityType>
              </EntityType>
              <Name>UKCH47B</Name>
              <UUID>00000000-0005-0001-0042-000000000000</UUID>
            </MilitaryOrganization>
          </CollectiveEntity>
        </ActorEntity>
      </Entity>
      <Entity>
        <!--Row23m-->
        <ActorEntity>
          <CollectiveEntity>
            <MilitaryOrganization>
              <EntityDescriptor>
                <Side>00000000-0000-0001-0000-000000000000</Side>
                <Superior>00000000-0007-0001-1000-000000000000</Superior>
              </EntityDescriptor>
              <CurrentState>
                <PhysicalState>
                  <EntityHealthStatus>
                    <OperationalStatus>
                      <OperationalStatusCode>FullyOperational</OperationalStatusCode>
                    </OperationalStatus>
                  </EntityHealthStatus>
                  <Location>
                    <GeodeticCoordinate>
                      <Latitude>58.584044</Latitude>
                      <Longitude>16.233433</Longitude>
                    </GeodeticCoordinate>
                  </Location>
                </PhysicalState>
              </CurrentState>
              <EntityType>
                <APP6-SIDC>
                  <SIDCString>SFAPMHUH-------</SIDCString>
                </APP6-SIDC>
              </EntityType>
              <EntityType>
                <DISEntityType>
                  <DISCategory>23</DISCategory>
                  <DISCountry>225</DISCountry>
                  <DISDomain>2</DISDomain>
                  <DISExtra>0</DISExtra>
                  <DISKind>1</DISKind>
                  <DISSpecific>1</DISSpecific>
                  <DISSubCategory>1</DISSubCategory>
                </DISEntityType>
              </EntityType>
              <Name>UKCH47C</Name>
              <UUID>00000000-0005-0001-0043-000000000000</UUID>
            </MilitaryOrganization>
          </CollectiveEntity>
        </ActorEntity>
      </Entity>
      <Entity>
        <!--Row23n-->
        <ActorEntity>
          <CollectiveEntity>
            <MilitaryOrganization>
              <EntityDescriptor>
                <Side>00000000-0000-0001-0000-000000000000</Side>
                <Superior>00000000-0007-0001-1000-000000000000</Superior>
              </EntityDescriptor>
              <CurrentState>
                <PhysicalState>
                  <EntityHealthStatus>
                    <OperationalStatus>
                      <OperationalStatusCode>FullyOperational</OperationalStatusCode>
                    </OperationalStatus>
                  </EntityHealthStatus>
                  <Location>
                    <GeodeticCoordinate>
                      <Latitude>58.584048</Latitude>
                      <Longitude>16.232311</Longitude>
                    </GeodeticCoordinate>
                  </Location>
                </PhysicalState>
              </CurrentState>
              <EntityType>
                <APP6-SIDC>
                  <SIDCString>SFAPMHUH-------</SIDCString>
                </APP6-SIDC>
              </EntityType>
              <EntityType>
                <DISEntityType>
                  <DISCategory>23</DISCategory>
                  <DISCountry>225</DISCountry>
                  <DISDomain>2</DISDomain>
                  <DISExtra>0</DISExtra>
                  <DISKind>1</DISKind>
                  <DISSpecific>1</DISSpecific>
                  <DISSubCategory>1</DISSubCategory>
                </DISEntityType>
              </EntityType>
              <Name>UKCH47D</Name>
              <UUID>00000000-0005-0001-0044-000000000000</UUID>
            </MilitaryOrganization>
          </CollectiveEntity>
        </ActorEntity>
      </Entity>
      <Entity>
        <!--Row24-->
        <ActorEntity>
          <CollectiveEntity>
            <MilitaryOrganization>
              <EntityDescriptor>
                <Side>00000000-0000-0001-0000-000000000000</Side>
                <Superior>00000000-0006-0001-0001-000000000000</Superior>
              </EntityDescriptor>
              <CurrentState>
                <PhysicalState>
                  <EntityHealthStatus>
                    <OperationalStatus>
                      <OperationalStatusCode>FullyOperational</OperationalStatusCode>
                    </OperationalStatus>
                  </EntityHealthStatus>
                  <Location>
                    <GeodeticCoordinate>
                      <Latitude>58.755472</Latitude>
                      <Longitude>16.645723</Longitude>
                    </GeodeticCoordinate>
                  </Location>
                </PhysicalState>
              </CurrentState>
              <EntityType>
                <APP6-SIDC>
                  <SIDCString>SFGPUCI--------</SIDCString>
                </APP6-SIDC>
              </EntityType>
              <EntityType>
                <DISEntityType>
                  <DISCategory>0</DISCategory>
                  <DISCountry>0</DISCountry>
                  <DISDomain>0</DISDomain>
                  <DISExtra>0</DISExtra>
                  <DISKind>0</DISKind>
                  <DISSpecific>0</DISSpecific>
                  <DISSubCategory>0</DISSubCategory>
                </DISEntityType>
              </EntityType>
              <Name>DEUBn3</Name>
              <UUID>00000000-0002-0001-1000-000000000000</UUID>
            </MilitaryOrganization>
          </CollectiveEntity>
        </ActorEntity>
      </Entity>
      <Entity>
        <!--Extra-->
        <ActorEntity>
          <CollectiveEntity>
            <MilitaryOrganization>
              <EntityDescriptor>
                <Side>00000000-0000-0001-0000-000000000000</Side>
                <Superior>00000000-0000-0001-0001-000000000000</Superior>
              </EntityDescriptor>
              <CurrentState>
                <PhysicalState>
                  <EntityHealthStatus>
                    <OperationalStatus>
                      <OperationalStatusCode>FullyOperational</OperationalStatusCode>
                    </OperationalStatus>
                  </EntityHealthStatus>
                  <Location>
                    <GeodeticCoordinate>
                      <Latitude>58.47887</Latitude>
                      <Longitude>15.7961</Longitude>
                    </GeodeticCoordinate>
                  </Location>
                </PhysicalState>
              </CurrentState>
              <EntityType>
                <APP6-SIDC>
                  <SIDCString>SFGPUCI--------</SIDCString>
                </APP6-SIDC>
              </EntityType>
              <EntityType>
                <DISEntityType>
                  <DISCategory>3</DISCategory>
                  <DISCountry>222</DISCountry>
                  <DISDomain>1</DISDomain>
                  <DISExtra>0</DISExtra>
                  <DISKind>1</DISKind>
                  <DISSpecific>0</DISSpecific>
                  <DISSubCategory>3</DISSubCategory>
                </DISEntityType>
              </EntityType>
              <Name>USA3</Name>
              <UUID>00000000-0002-0001-0013-000000010009</UUID>
            </MilitaryOrganization>
          </CollectiveEntity>
        </ActorEntity>
      </Entity>
      <Entity>
        <!--RED row 26-->
        <ActorEntity>
          <CollectiveEntity>
            <MilitaryOrganization>
              <EntityDescriptor>
                <Side>00000000-0000-0002-0000-000000000000</Side>
                <Superior>00000000-0000-0002-0001-000000000000</Superior>
              </EntityDescriptor>
              <CurrentState>
                <PhysicalState>
                  <EntityHealthStatus>
                    <OperationalStatus>
                      <OperationalStatusCode>FullyOperational</OperationalStatusCode>
                    </OperationalStatus>
                  </EntityHealthStatus>
                  <Location>
                    <GeodeticCoordinate>
                      <Latitude>58.6102</Latitude>
                      <Longitude>16.1686</Longitude>
                    </GeodeticCoordinate>
                  </Location>
                </PhysicalState>
              </CurrentState>
              <EntityType>
                <APP6-SIDC>
                  <SIDCString>SHGPUCI----B---</SIDCString>
                </APP6-SIDC>
              </EntityType>
              <EntityType>
                <DISEntityType>
                  <DISCategory>0</DISCategory>
                  <DISCountry>0</DISCountry>
                  <DISDomain>0</DISDomain>
                  <DISExtra>0</DISExtra>
                  <DISKind>0</DISKind>
                  <DISSpecific>0</DISSpecific>
                  <DISSubCategory>0</DISSubCategory>
                </DISEntityType>
              </EntityType>
              <Name>NorC1</Name>
              <UUID>00000000-0007-0002-1000-000000000000</UUID>
            </MilitaryOrganization>
          </CollectiveEntity>
        </ActorEntity>
      </Entity>
      <Entity>
        <!--RED Row27-->
        <ActorEntity>
          <CollectiveEntity>
            <MilitaryOrganization>
              <EntityDescriptor>
                <Side>00000000-0000-0002-0000-000000000000</Side>
                <Superior>00000000-0002-0001-1000-000000000000</Superior>
              </EntityDescriptor>
              <CurrentState>
                <PhysicalState>
                  <EntityHealthStatus>
                    <OperationalStatus>
                      <OperationalStatusCode>FullyOperational</OperationalStatusCode>
                    </OperationalStatus>
                  </EntityHealthStatus>
                  <Location>
                    <GeodeticCoordinate>
                      <Latitude>58.74776</Latitude>
                      <Longitude>16.975188</Longitude>
                    </GeodeticCoordinate>
                  </Location>
                </PhysicalState>
              </CurrentState>
              <EntityType>
                <APP6-SIDC>
                  <SIDCString>SHGPUCI--------</SIDCString>
                </APP6-SIDC>
              </EntityType>
              <EntityType>
                <DISEntityType>
                  <DISCategory>0</DISCategory>
                  <DISCountry>0</DISCountry>
                  <DISDomain>0</DISDomain>
                  <DISExtra>0</DISExtra>
                  <DISKind>0</DISKind>
                  <DISSpecific>0</DISSpecific>
                  <DISSubCategory>0</DISSubCategory>
                </DISEntityType>
              </EntityType>
              <Name>NykC2</Name>
              <UUID>00000000-0002-0002-0101-000000000000</UUID>
            </MilitaryOrganization>
          </CollectiveEntity>
        </ActorEntity>
      </Entity>
      <Entity>
        <!--RED row 28-->
        <ActorEntity>
          <CollectiveEntity>
            <MilitaryOrganization>
              <EntityDescriptor>
                <Side>00000000-0000-0002-0000-000000000000</Side>
                <Superior>00000000-0000-0002-0001-000000000000</Superior>
              </EntityDescriptor>
              <CurrentState>
                <PhysicalState>
                  <EntityHealthStatus>
                    <OperationalStatus>
                      <OperationalStatusCode>FullyOperational</OperationalStatusCode>
                    </OperationalStatus>
                  </EntityHealthStatus>
                  <Location>
                    <GeodeticCoordinate>
                      <Latitude>58.418038</Latitude>
                      <Longitude>15.64339</Longitude>
                    </GeodeticCoordinate>
                  </Location>
                </PhysicalState>
              </CurrentState>
              <EntityType>
                <APP6-SIDC>
                  <SIDCString>SHGPUCI----B---</SIDCString>
                </APP6-SIDC>
              </EntityType>
              <EntityType>
                <DISEntityType>
                  <DISCategory>0</DISCategory>
                  <DISCountry>0</DISCountry>
                  <DISDomain>0</DISDomain>
                  <DISExtra>0</DISExtra>
                  <DISKind>0</DISKind>
                  <DISSpecific>0</DISSpecific>
                  <DISSubCategory>0</DISSubCategory>
                </DISEntityType>
              </EntityType>
              <Name>LinC3</Name>
              <UUID>00000000-0007-0002-1001-000000000000</UUID>
            </MilitaryOrganization>
          </CollectiveEntity>
        </ActorEntity>
      </Entity>
      <Entity>
        <!--RED Row29-->
        <ActorEntity>
          <CollectiveEntity>
            <MilitaryOrganization>
              <EntityDescriptor>
                <Side>00000000-0000-0002-0000-000000000000</Side>
                <Superior>00000000-0007-0002-0001-000000000000</Superior>
              </EntityDescriptor>
              <CurrentState>
                <PhysicalState>
                  <EntityHealthStatus>
                    <OperationalStatus>
                      <OperationalStatusCode>FullyOperational</OperationalStatusCode>
                    </OperationalStatus>
                  </EntityHealthStatus>
                  <Location>
                    <GeodeticCoordinate>
                      <Latitude>58.644655</Latitude>
                      <Longitude>16.427088</Longitude>
                    </GeodeticCoordinate>
                  </Location>
                </PhysicalState>
              </CurrentState>
              <EntityType>
                <APP6-SIDC>
                  <SIDCString>SHSPXR---------</SIDCString>
                </APP6-SIDC>
              </EntityType>
              <EntityType>
                <DISEntityType>
                  <DISCategory>61</DISCategory>
                  <DISCountry>0</DISCountry>
                  <DISDomain>3</DISDomain>
                  <DISExtra>1</DISExtra>
                  <DISKind>1</DISKind>
                  <DISSpecific>0</DISSpecific>
                  <DISSubCategory>11</DISSubCategory>
                </DISEntityType>
              </EntityType>
              <Name>SBU4</Name>
              <UUID>00000000-0007-0002-0030-000000000000</UUID>
            </MilitaryOrganization>
          </CollectiveEntity>
        </ActorEntity>
      </Entity>
      <Entity>
        <!--RED Row29a-->
        <ActorEntity>
          <CollectiveEntity>
            <MilitaryOrganization>
              <EntityDescriptor>
                <Side>00000000-0000-0002-0000-000000000000</Side>
                <Superior>00000000-0004-0002-0001-000000000000</Superior>
              </EntityDescriptor>
              <CurrentState>
                <PhysicalState>
                  <EntityHealthStatus>
                    <OperationalStatus>
                      <OperationalStatusCode>FullyOperational</OperationalStatusCode>
                    </OperationalStatus>
                  </EntityHealthStatus>
                  <Location>
                    <GeodeticCoordinate>
                      <Latitude>58.644655</Latitude>
                      <Longitude>16.427088</Longitude>
                    </GeodeticCoordinate>
                  </Location>
                </PhysicalState>
              </CurrentState>
              <EntityType>
                <APP6-SIDC>
                  <SIDCString>SHSPXR---------</SIDCString>
                </APP6-SIDC>
              </EntityType>
              <EntityType>
                <DISEntityType>
                  <DISCategory>61</DISCategory>
                  <DISCountry>0</DISCountry>
                  <DISDomain>3</DISDomain>
                  <DISExtra>0</DISExtra>
                  <DISKind>1</DISKind>
                  <DISSpecific>0</DISSpecific>
                  <DISSubCategory>11</DISSubCategory>
                </DISEntityType>
              </EntityType>
              <Name>SBU5</Name>
              <UUID>00000000-0004-0002-0030-000000000000</UUID>
            </MilitaryOrganization>
          </CollectiveEntity>
        </ActorEntity>
      </Entity>
      <Entity>
        <!--RED Row30-->
        <ActorEntity>
          <CollectiveEntity>
            <MilitaryOrganization>
              <EntityDescriptor>
                <Side>00000000-0000-0002-0000-000000000000</Side>
                <Superior>00000000-0007-0002-1000-000000000000</Superior>
              </EntityDescriptor>
              <CurrentState>
                <PhysicalState>
                  <EntityHealthStatus>
                    <OperationalStatus>
                      <OperationalStatusCode>FullyOperational</OperationalStatusCode>
                    </OperationalStatus>
                  </EntityHealthStatus>
                  <Location>
                    <GeodeticCoordinate>
                      <Latitude>58.668274</Latitude>
                      <Longitude>17.109714</Longitude>
                    </GeodeticCoordinate>
                  </Location>
                </PhysicalState>
              </CurrentState>
              <EntityType>
                <APP6-SIDC>
                  <SIDCString>SHGPUCI--------</SIDCString>
                </APP6-SIDC>
              </EntityType>
              <EntityType>
                <DISEntityType>
                  <DISCategory>0</DISCategory>
                  <DISCountry>0</DISCountry>
                  <DISDomain>0</DISDomain>
                  <DISExtra>0</DISExtra>
                  <DISKind>0</DISKind>
                  <DISSpecific>0</DISSpecific>
                  <DISSubCategory>0</DISSubCategory>
                </DISEntityType>
              </EntityType>
              <Name>OxeC5</Name>
              <UUID>00000000-0005-0002-0101-000000000000</UUID>
            </MilitaryOrganization>
          </CollectiveEntity>
        </ActorEntity>
      </Entity>
      <Entity>
        <!--RED Row31-->
        <ActorEntity>
          <CollectiveEntity>
            <MilitaryOrganization>
              <EntityDescriptor>
                <Side>00000000-0000-0002-0000-000000000000</Side>
                <Superior>00000000-0006-0002-1000-000000000000</Superior>
              </EntityDescriptor>
              <CurrentState>
                <PhysicalState>
                  <EntityHealthStatus>
                    <OperationalStatus>
                      <OperationalStatusCode>FullyOperational</OperationalStatusCode>
                    </OperationalStatus>
                  </EntityHealthStatus>
                  <Location>
                    <GeodeticCoordinate>
                      <Latitude>58.676817</Latitude>
                      <Longitude>16.369984</Longitude>
                    </GeodeticCoordinate>
                  </Location>
                </PhysicalState>
              </CurrentState>
              <EntityType>
                <APP6-SIDC>
                  <SIDCString>SHGPUCI--------</SIDCString>
                </APP6-SIDC>
              </EntityType>
              <EntityType>
                <DISEntityType>
                  <DISCategory>0</DISCategory>
                  <DISCountry>0</DISCountry>
                  <DISDomain>0</DISDomain>
                  <DISExtra>0</DISExtra>
                  <DISKind>0</DISKind>
                  <DISSpecific>0</DISSpecific>
                  <DISSubCategory>0</DISSubCategory>
                </DISEntityType>
              </EntityType>
              <Name>KroC6</Name>
              <UUID>00000000-0006-0002-0101-000000000000</UUID>
            </MilitaryOrganization>
          </CollectiveEntity>
        </ActorEntity>
      </Entity>
      <Entity>
        <!--RED Row32-->
        <ActorEntity>
          <CollectiveEntity>
            <MilitaryOrganization>
              <EntityDescriptor>
                <Side>00000000-0000-0002-0000-000000000000</Side>
                <Superior>00000000-0007-0002-0001-000000000000</Superior>
              </EntityDescriptor>
              <CurrentState>
                <PhysicalState>
                  <EntityHealthStatus>
                    <OperationalStatus>
                      <OperationalStatusCode>FullyOperational</OperationalStatusCode>
                    </OperationalStatus>
                  </EntityHealthStatus>
                  <Location>
                    <GeodeticCoordinate>
                      <Latitude>58.579</Latitude>
                      <Longitude>16.207</Longitude>
                    </GeodeticCoordinate>
                  </Location>
                </PhysicalState>
              </CurrentState>
              <EntityType>
                <APP6-SIDC>
                  <SIDCString>SHGPUCI----B---</SIDCString>
                </APP6-SIDC>
              </EntityType>
              <EntityType>
                <DISEntityType>
                  <DISCategory>0</DISCategory>
                  <DISCountry>0</DISCountry>
                  <DISDomain>0</DISDomain>
                  <DISExtra>0</DISExtra>
                  <DISKind>0</DISKind>
                  <DISSpecific>0</DISSpecific>
                  <DISSubCategory>0</DISSubCategory>
                </DISEntityType>
              </EntityType>
              <Name>NorCC7</Name>
              <UUID>00000000-0007-0002-0040-000000000000</UUID>
            </MilitaryOrganization>
          </CollectiveEntity>
        </ActorEntity>
      </Entity>
      <Entity>
        <!--RED row 33-->
        <ActorEntity>
          <CollectiveEntity>
            <MilitaryOrganization>
              <!--Resource (ASX)>
                  <Equipment>
                  <EntityType>
                    <DISEntityType>
                      <EntityTypeString>1 1 39 2 5 1 0</EntityTypeString>
                      <DISCountry>39</DISCountry>
                      <DISDomain>1</DISDomain>
                      <DISKind>1</DISKind>
                      <DISCategory>2</DISCategory>
                      <DISExtra>0</DISExtra>
                      <DISSpecific>1</DISSpecific>
                      <DISSubCategory>5</DISSubCategory>
                    </DISEntityType>
                  </EntityType>
                </Equipment>
              </Resource-->
              <EntityDescriptor>
                <Side>00000000-0000-0002-0000-000000000000</Side>
                <Superior>00000000-0000-0002-0001-000000000000</Superior>
              </EntityDescriptor>
              <CurrentState>
                <PhysicalState>
                  <EntityHealthStatus>
                    <OperationalStatus>
                      <OperationalStatusCode>FullyOperational</OperationalStatusCode>
                    </OperationalStatus>
                  </EntityHealthStatus>
                  <Location>
                    <GeodeticCoordinate>
                      <Latitude>58.418038</Latitude>
                      <Longitude>15.64339</Longitude>
                    </GeodeticCoordinate>
                  </Location>
                </PhysicalState>
              </CurrentState>
              <EntityType>
                <APP6-SIDC>
                  <SIDCString>SHGPUCIL-------</SIDCString>
                </APP6-SIDC>
              </EntityType>
              <EntityType>
                <DISEntityType>
                  <DISCategory>2</DISCategory>
                  <DISCountry>39</DISCountry>
                  <DISDomain>1</DISDomain>
                  <DISExtra>0</DISExtra>
                  <DISKind>1</DISKind>
                  <DISSpecific>1</DISSpecific>
                  <DISSubCategory>5</DISSubCategory>
                </DISEntityType>
              </EntityType>
              <Name>LinC8</Name>
              <UUID>00000000-0003-0002-1002-000000000000</UUID>
            </MilitaryOrganization>
          </CollectiveEntity>
        </ActorEntity>
      </Entity>
      <PlanPhaseReference>00000000-0000-0000-0000-000000000000</PlanPhaseReference>
    </ObjectDefinitions>
    <ScenarioSetting>
      <DateTime>
        <IsoDateTime>0000-00-00T00:00:00Z</IsoDateTime>
      </DateTime>
      <Version>1.0.0</Version>
    </ScenarioSetting>
    <SystemEntityList>
      <!--iABG-KORA-->
      <ActorReference>00000000-0002-0001-0010-000000000000</ActorReference>
      <ActorReference>00000000-0002-0001-0011-000000000000</ActorReference>
      <ActorReference>00000000-0002-0001-1000-000000000000</ActorReference>
      <ActorReference>00000000-0002-0001-0013-000000010009</ActorReference>
      <ActorReference>00000000-0002-0002-0101-000000000000</ActorReference>
      <SystemName>DEU-SIM</SystemName>
    </SystemEntityList>
    <SystemEntityList>
      <!--MSCOE-VRForces-->
      <ActorReference>00000000-0003-0001-0010-000000000000</ActorReference>
      <ActorReference>00000000-0003-0001-0011-000000000000</ActorReference>
      <ActorReference>00000000-0003-0002-1002-000000000000</ActorReference>
      <SystemName>COE-SIM1</SystemName>
    </SystemEntityList>
    <SystemEntityList>
      <!--MSCOE-SWORD-->
      <ActorReference>00000000-0003-0001-0020-000000000000</ActorReference>
      <SystemName>COE-SIM2</SystemName>
    </SystemEntityList>
    <SystemEntityList>
      <!--Ian Gillies-VBS3-->
      <ActorReference>00000000-0004-0001-0030-000000000000</ActorReference>
      <ActorReference>00000000-0004-0002-0030-000000000000</ActorReference>
      <SystemName>NZL-SIM</SystemName>
    </SystemEntityList>
    <SystemEntityList>
      <!--DSTL-JSAF-->
      <ActorReference>00000000-0005-0001-0010-000000000000</ActorReference>
      <ActorReference>00000000-0005-0001-0011-000000000000</ActorReference>
      <ActorReference>00000000-0005-0001-0101-000000000000</ActorReference>
      <ActorReference>00000000-0005-0001-0102-000000000000</ActorReference>
      <ActorReference>00000000-0005-0001-0103-000000000000</ActorReference>
      <ActorReference>00000000-0005-0001-0104-000000000000</ActorReference>
      <ActorReference>00000000-0005-0001-0105-000000000000</ActorReference>
      <ActorReference>00000000-0005-0001-0201-000000000000</ActorReference>
      <ActorReference>00000000-0005-0001-0202-000000000000</ActorReference>
      <ActorReference>00000000-0005-0001-0203-000000000000</ActorReference>
      <ActorReference>00000000-0005-0001-0204-000000000000</ActorReference>
      <ActorReference>00000000-0005-0001-0301-000000000000</ActorReference>
      <ActorReference>00000000-0005-0001-0302-000000000000</ActorReference>
      <ActorReference>00000000-0005-0001-0041-000000000000</ActorReference>
      <ActorReference>00000000-0005-0001-0042-000000000000</ActorReference>
      <ActorReference>00000000-0005-0001-0043-000000000000</ActorReference>
      <ActorReference>00000000-0005-0001-0044-000000000000</ActorReference>
      <SystemName>GBR-SIM1</SystemName>
    </SystemEntityList>
    <SystemEntityList>
      <!--DSTL-VRForces-->
      <ActorReference>00000000-0005-0001-0102-000000000000</ActorReference>
      <ActorReference>00000000-0005-0001-1000-000000000000</ActorReference>
      <ActorReference>00000000-0005-0001-0100-000000000000</ActorReference>
      <ActorReference>00000000-0005-0001-0101-000000000000</ActorReference>
      <ActorReference>00000000-0005-0002-0101-000000000000</ActorReference>
      <SystemName>GBR-SIM2</SystemName>
    </SystemEntityList>
    <SystemEntityList>
      <!--ATEC-OneSAF-->
      <ActorReference>00000000-0006-0001-0001-000000000000</ActorReference>
      <ActorReference>00000000-0006-0001-0100-000000000000</ActorReference>
      <ActorReference>00000000-0006-0001-0101-000000000000</ActorReference>
      <ActorReference>00000000-0006-0001-0102-000000000000</ActorReference>
      <ActorReference>00000000-0006-0002-0101-000000000000</ActorReference>
      <SystemName>USA-SIM1</SystemName>
    </SystemEntityList>
    <SystemEntityList>
      <!--NPS-VRForces-->
      <ActorReference>00000000-0007-0001-0030-000000000000</ActorReference>
      <ActorReference>00000000-0007-0001-0040-000000000000</ActorReference>
      <ActorReference>00000000-0007-0001-0050-000000000000</ActorReference>
      <ActorReference>00000000-0007-0001-0103-000000000000</ActorReference>
      <ActorReference>00000000-0007-0001-1000-000000000000</ActorReference>
      <ActorReference>00000000-0007-0002-1000-000000000000</ActorReference>
      <ActorReference>00000000-0007-0002-1001-000000000000</ActorReference>
      <ActorReference>00000000-0007-0003-0001-000000000000</ActorReference>
      <SystemName>USA-SIM2</SystemName>
    </SystemEntityList>
    <SystemEntityList>
      <!--GMU-VRForces-->
      <ActorReference>00000000-0007-0002-1000-000000000000</ActorReference>
      <ActorReference>00000000-0007-0002-1001-000000000000</ActorReference>
      <ActorReference>00000000-0007-0002-0040-000000000000</ActorReference>
      <ActorReference>00000000-0007-0002-0030-000000000000</ActorReference>
      <SystemName>USA-SIM3</SystemName>
    </SystemEntityList>
  </ObjectInitializationBody>
</MessageBody>
